Loc1_Infected,Loc1_Dead,Loc2_Infected,Loc2_Dead,Loc3_Infected,Loc3_Dead,Loc4_Infected,Loc4_Dead,Loc5_Infected,Loc5_Dead
14.0,4.0,55.0,9.0,2.0,1.0,7.0,1.0,6.0,2.0
14.0,4.0,76.0,9.0,3.0,1.0,10.0,1.0,6.0,2.0
21.0,4.0,68.0,10.0,4.0,1.0,14.0,1.0,7.0,2.0
27.0,5.0,104.0,10.0,4.0,1.0,18.0,1.0,10.0,2.0
33.0,5.0,137.0,10.0,5.0,1.0,24.0,1.0,11.0,2.0
39.0,5.0,153.0,12.0,6.0,1.0,24.0,1.0,17.0,2.0
50.0,5.0,257.0,14.0,6.0,1.0,38.0,1.0,20.0,2.0
52.0,5.0,296.0,15.0,7.0,1.0,57.0,1.0,21.0,2.0
65.0,6.0,327.0,19.0,7.0,1.0,74.0,1.0,34.0,3.0
79.0,6.0,516.0,22.0,9.0,1.0,73.0,1.0,37.0,3.0
136.0,7.0,566.0,27.0,8.0,1.0,88.0,1.0,26.0,3.0
98.0,7.0,958.0,31.0,14.0,1.0,148.0,1.0,48.0,4.0
153.0,8.0,1208.0,37.0,14.0,1.0,146.0,2.0,57.0,4.0
171.0,9.0,1374.0,45.0,15.0,1.0,183.0,2.0,61.0,5.0
281.0,10.0,2341.0,59.0,20.0,1.0,201.0,2.0,59.0,6.0
249.0,11.0,2746.0,75.0,25.0,1.0,298.0,2.0,96.0,7.0
469.0,13.0,3728.0,95.0,20.0,1.0,339.0,3.0,111.0,8.0
416.0,16.0,3998.0,126.0,34.0,1.0,425.0,3.0,99.0,9.0
507.0,18.0,6663.0,154.0,32.0,2.0,593.0,4.0,118.0,10.0
585.0,21.0,5712.0,197.0,32.0,2.0,956.0,5.0,119.0,12.0
850.0,26.0,10287.0,240.0,35.0,2.0,947.0,6.0,150.0,13.0
976.0,29.0,11364.0,329.0,61.0,2.0,1310.0,7.0,190.0,15.0
921.0,35.0,11049.0,412.0,65.0,2.0,1655.0,9.0,147.0,16.0
1040.0,40.0,16783.0,510.0,64.0,2.0,1988.0,11.0,163.0,18.0
1114.0,49.0,12060.0,627.0,69.0,3.0,2233.0,14.0,196.0,21.0
1078.0,50.0,13938.0,692.0,75.0,3.0,2736.0,16.0,174.0,22.0
1293.0,59.0,20177.0,836.0,98.0,3.0,3759.0,21.0,167.0,24.0
1231.0,68.0,18324.0,923.0,99.0,3.0,6481.0,25.0,165.0,26.0
1446.0,74.0,18918.0,1036.0,136.0,4.0,5803.0,35.0,174.0,27.0
1677.0,77.0,20400.0,1224.0,102.0,4.0,7548.0,43.0,216.0,29.0
1552.0,84.0,20242.0,1359.0,172.0,5.0,8932.0,50.0,224.0,31.0
1446.0,83.0,20935.0,1482.0,176.0,5.0,12849.0,62.0,191.0,33.0
1249.0,101.0,24496.0,1600.0,162.0,6.0,12305.0,79.0,198.0,34.0
1552.0,106.0,25391.0,1818.0,165.0,6.0,11428.0,90.0,230.0,36.0
1171.0,117.0,33792.0,1969.0,199.0,7.0,13167.0,101.0,223.0,39.0
1694.0,112.0,27246.0,2069.0,179.0,8.0,16444.0,123.0,197.0,42.0
1402.0,129.0,36669.0,2328.0,221.0,8.0,12234.0,134.0,229.0,43.0
1466.0,127.0,24794.0,2525.0,192.0,9.0,14587.0,152.0,185.0,42.0
1453.0,141.0,30312.0,2691.0,182.0,10.0,13652.0,174.0,239.0,50.0
1346.0,152.0,27259.0,2882.0,198.0,10.0,9293.0,178.0,159.0,48.0
1583.0,152.0,38086.0,2996.0,165.0,11.0,11784.0,188.0,222.0,51.0
1711.0,155.0,39311.0,3311.0,257.0,11.0,12690.0,240.0,286.0,55.0
1813.0,162.0,29425.0,3600.0,170.0,12.0,11393.0,228.0,245.0,53.0
1698.0,168.0,42707.0,3726.0,205.0,12.0,11817.0,239.0,158.0,60.0
1534.0,188.0,35025.0,4184.0,173.0,13.0,11836.0,253.0,334.0,67.0
1302.0,195.0,46127.0,4218.0,169.0,14.0,12190.0,275.0,230.0,66.0
1252.0,193.0,39167.0,4133.0,178.0,14.0,11496.0,296.0,293.0,67.0
1471.0,205.0,41965.0,4393.0,212.0,15.0,11087.0,301.0,253.0,71.0
1533.0,215.0,32802.0,4901.0,117.0,15.0,10755.0,304.0,247.0,76.0
1976.0,224.0,40763.0,5221.0,156.0,16.0,13231.0,304.0,295.0,78.0
1465.0,224.0,39409.0,5663.0,183.0,17.0,8731.0,353.0,306.0,76.0
1440.0,234.0,47401.0,5798.0,162.0,17.0,9865.0,354.0,239.0,84.0
1328.0,253.0,43887.0,6150.0,139.0,18.0,10295.0,376.0,351.0,85.0
1504.0,238.0,52516.0,6457.0,191.0,19.0,9750.0,376.0,334.0,88.0
1298.0,260.0,54093.0,6983.0,166.0,20.0,11610.0,364.0,400.0,86.0
1522.0,254.0,66425.0,7260.0,164.0,20.0,9293.0,413.0,334.0,99.0
1274.0,258.0,45103.0,7387.0,120.0,19.0,10480.0,425.0,367.0,93.0
1534.0,270.0,66667.0,7256.0,178.0,19.0,7318.0,422.0,336.0,97.0
1136.0,285.0,41273.0,8162.0,145.0,20.0,8286.0,424.0,374.0,107.0
956.0,280.0,70715.0,9012.0,162.0,21.0,6871.0,438.0,356.0,104.0
1759.0,303.0,77267.0,8833.0,173.0,22.0,6954.0,466.0,316.0,106.0
1023.0,294.0,72768.0,9696.0,122.0,23.0,6004.0,475.0,404.0,118.0
1282.0,319.0,80150.0,10155.0,112.0,23.0,10610.0,453.0,405.0,121.0
1532.0,331.0,80901.0,10964.0,136.0,24.0,6458.0,442.0,341.0,121.0
1606.0,330.0,84389.0,10454.0,130.0,23.0,7616.0,476.0,247.0,123.0
1257.0,324.0,73471.0,11140.0,135.0,26.0,6769.0,495.0,401.0,123.0
1372.0,320.0,77036.0,11841.0,118.0,24.0,7117.0,519.0,339.0,124.0
1740.0,349.0,96433.0,12649.0,122.0,25.0,6642.0,510.0,478.0,136.0
1104.0,363.0,71239.0,13350.0,118.0,27.0,5596.0,519.0,418.0,139.0
1301.0,368.0,97787.0,12568.0,146.0,27.0,5434.0,521.0,401.0,144.0
1356.0,351.0,107354.0,14549.0,109.0,26.0,4321.0,528.0,427.0,144.0
1246.0,351.0,88128.0,14670.0,149.0,26.0,4339.0,550.0,383.0,150.0
1331.0,356.0,81545.0,15571.0,96.0,26.0,5389.0,545.0,449.0,149.0
1572.0,375.0,104683.0,16240.0,124.0,29.0,5680.0,527.0,460.0,152.0
1427.0,399.0,96159.0,16094.0,163.0,28.0,4920.0,522.0,433.0,153.0
1225.0,377.0,128704.0,18321.0,148.0,28.0,5554.0,546.0,418.0,177.0
1833.0,381.0,84754.0,17045.0,138.0,28.0,4372.0,547.0,360.0,186.0
1310.0,422.0,121274.0,18849.0,121.0,29.0,4361.0,571.0,433.0,173.0
1573.0,417.0,136332.0,19116.0,118.0,30.0,4417.0,559.0,464.0,180.0
1239.0,449.0,109569.0,19314.0,123.0,29.0,4153.0,613.0,442.0,178.0
1623.0,436.0,135456.0,21187.0,89.0,29.0,3144.0,541.0,413.0,193.0
1479.0,459.0,114189.0,21937.0,122.0,33.0,4066.0,551.0,403.0,203.0
1768.0,454.0,105060.0,21008.0,139.0,32.0,3397.0,566.0,506.0,200.0
1525.0,471.0,140207.0,24034.0,113.0,31.0,3100.0,613.0,562.0,205.0
1029.0,495.0,140730.0,23764.0,112.0,32.0,3482.0,588.0,462.0,211.0
1272.0,471.0,149407.0,22041.0,110.0,33.0,3184.0,653.0,560.0,201.0
1638.0,478.0,145134.0,24031.0,121.0,31.0,2901.0,595.0,491.0,215.0
1774.0,524.0,149013.0,27364.0,114.0,34.0,2817.0,560.0,584.0,233.0
1534.0,508.0,171020.0,28554.0,77.0,33.0,2838.0,629.0,484.0,228.0
1646.0,524.0,179850.0,29227.0,93.0,31.0,2029.0,611.0,552.0,240.0
1528.0,507.0,172344.0,28994.0,93.0,34.0,2840.0,612.0,467.0,222.0
1477.0,519.0,183035.0,31161.0,105.0,35.0,3192.0,645.0,634.0,259.0
1733.0,503.0,167137.0,30925.0,86.0,34.0,2684.0,620.0,658.0,244.0
1688.0,528.0,151794.0,31416.0,89.0,33.0,2727.0,606.0,508.0,250.0
1466.0,503.0,173885.0,34763.0,99.0,35.0,2372.0,614.0,704.0,249.0
1338.0,566.0,174470.0,36358.0,82.0,36.0,2082.0,650.0,683.0,275.0
1410.0,583.0,160328.0,39089.0,87.0,34.0,2310.0,640.0,603.0,250.0
1336.0,532.0,188383.0,36944.0,66.0,33.0,2436.0,648.0,706.0,305.0
1583.0,545.0,181630.0,37233.0,79.0,36.0,2548.0,623.0,671.0,298.0
1629.0,595.0,182698.0,38615.0,89.0,35.0,2738.0,600.0,667.0,290.0
1630.0,582.0,206061.0,41834.0,110.0,35.0,2552.0,664.0,639.0,321.0
1339.0,600.0,195516.0,40138.0,93.0,35.0,2986.0,623.0,814.0,302.0
1640.0,591.0,258323.0,44412.0,75.0,36.0,2676.0,687.0,678.0,306.0
1510.0,591.0,235865.0,45521.0,78.0,38.0,2408.0,655.0,584.0,320.0
1588.0,612.0,248248.0,47035.0,77.0,39.0,1977.0,642.0,750.0,315.0
1506.0,628.0,207514.0,48534.0,75.0,39.0,2204.0,688.0,736.0,348.0
1673.0,634.0,165897.0,50967.0,101.0,37.0,2454.0,664.0,687.0,353.0
1564.0,628.0,194275.0,49546.0,80.0,39.0,2445.0,658.0,793.0,362.0
1729.0,642.0,202856.0,50396.0,79.0,40.0,2799.0,651.0,850.0,354.0
1781.0,661.0,193474.0,52001.0,76.0,40.0,2378.0,660.0,735.0,369.0
1906.0,655.0,264311.0,53482.0,83.0,40.0,2333.0,638.0,715.0,332.0
1553.0,674.0,192488.0,57949.0,62.0,40.0,1948.0,662.0,797.0,386.0
1643.0,670.0,225358.0,58993.0,85.0,39.0,3005.0,669.0,909.0,407.0
1593.0,694.0,229959.0,59489.0,82.0,42.0,3252.0,655.0,958.0,394.0
1583.0,653.0,234633.0,61317.0,82.0,39.0,2179.0,682.0,902.0,424.0
1400.0,730.0,219817.0,63706.0,78.0,42.0,2543.0,671.0,899.0,392.0
1444.0,696.0,250871.0,60233.0,60.0,40.0,2998.0,655.0,944.0,431.0
1514.0,699.0,194025.0,62025.0,60.0,42.0,2937.0,676.0,771.0,424.0
1570.0,741.0,237170.0,65191.0,63.0,41.0,2823.0,711.0,849.0,437.0
1584.0,710.0,226793.0,63275.0,63.0,41.0,2984.0,668.0,1081.0,474.0
1592.0,743.0,221613.0,64017.0,67.0,40.0,2542.0,674.0,983.0,457.0
1252.0,779.0,206671.0,66040.0,71.0,40.0,2401.0,729.0,959.0,440.0
1323.0,750.0,166487.0,69047.0,71.0,43.0,2536.0,696.0,1035.0,459.0
1864.0,774.0,217836.0,68303.0,74.0,45.0,2003.0,651.0,1013.0,480.0
1818.0,776.0,171108.0,75085.0,59.0,41.0,2149.0,680.0,840.0,507.0
1516.0,823.0,177161.0,74120.0,68.0,43.0,3062.0,694.0,1026.0,502.0
2316.0,794.0,181027.0,78040.0,64.0,42.0,2971.0,700.0,1175.0,508.0
1673.0,789.0,191870.0,77439.0,58.0,40.0,1887.0,689.0,951.0,492.0
1647.0,791.0,188623.0,76899.0,75.0,43.0,2961.0,673.0,795.0,490.0
1839.0,782.0,147885.0,76473.0,61.0,40.0,2843.0,729.0,1244.0,537.0
1930.0,782.0,167619.0,76551.0,65.0,42.0,2619.0,694.0,942.0,521.0
1336.0,799.0,156691.0,80061.0,50.0,41.0,2600.0,716.0,1243.0,541.0
1628.0,808.0,130830.0,81474.0,53.0,43.0,2876.0,708.0,1119.0,537.0
1644.0,812.0,157928.0,79220.0,61.0,44.0,2048.0,728.0,1061.0,552.0
1473.0,821.0,140067.0,83422.0,57.0,46.0,3132.0,710.0,1121.0,562.0
1379.0,817.0,111195.0,80019.0,73.0,44.0,3235.0,766.0,1068.0,620.0
1510.0,788.0,161331.0,81440.0,59.0,42.0,2337.0,763.0,944.0,570.0
1907.0,789.0,153328.0,84433.0,62.0,42.0,3178.0,689.0,1088.0,622.0
1532.0,871.0,132761.0,85514.0,62.0,44.0,2913.0,692.0,947.0,606.0
1601.0,900.0,112910.0,80122.0,68.0,46.0,2463.0,792.0,950.0,605.0
1648.0,858.0,115576.0,89379.0,54.0,45.0,3311.0,752.0,1339.0,638.0
1655.0,910.0,111100.0,88246.0,55.0,48.0,2606.0,761.0,1261.0,601.0
1884.0,884.0,88432.0,88327.0,70.0,44.0,3336.0,737.0,1270.0,635.0
1742.0,899.0,113867.0,92794.0,64.0,47.0,2462.0,747.0,968.0,642.0
1328.0,836.0,105425.0,87035.0,72.0,47.0,3062.0,752.0,860.0,628.0
1398.0,873.0,88555.0,91566.0,69.0,47.0,2852.0,799.0,1447.0,687.0
1073.0,918.0,112494.0,96643.0,70.0,47.0,3280.0,742.0,1288.0,667.0
1646.0,937.0,103568.0,93011.0,59.0,47.0,2877.0,749.0,1027.0,733.0
1234.0,899.0,110059.0,96105.0,66.0,46.0,2761.0,713.0,1220.0,757.0
1196.0,924.0,94389.0,92261.0,69.0,49.0,2055.0,791.0,1230.0,695.0
1391.0,934.0,109560.0,92113.0,71.0,44.0,3058.0,771.0,1429.0,756.0
1359.0,988.0,101140.0,95221.0,55.0,48.0,2590.0,787.0,1307.0,754.0
1453.0,954.0,100000.0,92839.0,70.0,48.0,2501.0,775.0,1218.0,702.0
1433.0,1022.0,59036.0,96077.0,71.0,46.0,3742.0,780.0,1056.0,780.0
1390.0,996.0,78801.0,98004.0,68.0,47.0,2700.0,777.0,1201.0,808.0
1270.0,1015.0,92372.0,91081.0,50.0,44.0,3227.0,744.0,1182.0,832.0
1426.0,928.0,76029.0,94637.0,68.0,49.0,3596.0,805.0,1439.0,792.0
1580.0,948.0,87863.0,97622.0,75.0,48.0,3338.0,769.0,1642.0,814.0
1203.0,1021.0,78194.0,92080.0,68.0,48.0,2827.0,882.0,1194.0,773.0
1485.0,1010.0,84620.0,100776.0,54.0,48.0,3309.0,838.0,1185.0,848.0
1344.0,1004.0,72709.0,103841.0,70.0,44.0,3575.0,818.0,1226.0,865.0
1330.0,1003.0,90476.0,93870.0,68.0,51.0,2774.0,816.0,1833.0,833.0
1198.0,1070.0,82250.0,100299.0,60.0,48.0,3193.0,821.0,1458.0,897.0
1280.0,1081.0,74334.0,91187.0,69.0,47.0,3071.0,841.0,1233.0,884.0
1548.0,1068.0,69446.0,100168.0,74.0,49.0,2631.0,836.0,1514.0,893.0
1364.0,1004.0,51068.0,98779.0,76.0,48.0,3180.0,854.0,1181.0,869.0
1145.0,1017.0,60470.0,98437.0,61.0,51.0,3234.0,774.0,1609.0,913.0
1150.0,1077.0,53425.0,103440.0,66.0,49.0,2911.0,788.0,1404.0,927.0
1042.0,1082.0,60563.0,99932.0,79.0,54.0,3529.0,830.0,1372.0,943.0
1380.0,1083.0,66273.0,98561.0,59.0,51.0,3403.0,858.0,1651.0,992.0
1344.0,970.0,61784.0,111414.0,60.0,54.0,3432.0,817.0,1798.0,1019.0
1192.0,1089.0,52223.0,102285.0,52.0,52.0,2898.0,847.0,1612.0,974.0
1203.0,1086.0,61020.0,103879.0,67.0,50.0,3295.0,871.0,1530.0,976.0
1148.0,1073.0,44576.0,103111.0,65.0,52.0,3106.0,845.0,1541.0,982.0
1138.0,1127.0,47175.0,105303.0,75.0,51.0,3029.0,897.0,1349.0,1026.0
990.0,1080.0,55921.0,103235.0,59.0,54.0,3026.0,892.0,1290.0,1002.0
1234.0,1089.0,58943.0,108297.0,67.0,51.0,3992.0,854.0,1806.0,1062.0
1099.0,1058.0,46178.0,101906.0,83.0,53.0,3271.0,837.0,1424.0,1086.0
981.0,1116.0,49575.0,108545.0,84.0,55.0,3483.0,868.0,1345.0,1047.0
785.0,1071.0,56372.0,110200.0,63.0,55.0,4542.0,933.0,1573.0,1146.0
1098.0,1122.0,50880.0,101716.0,68.0,52.0,3270.0,901.0,1430.0,1109.0
1080.0,1142.0,50459.0,107789.0,71.0,52.0,3268.0,913.0,1245.0,1124.0
823.0,1054.0,35664.0,100489.0,65.0,56.0,4736.0,895.0,1267.0,1164.0
981.0,1074.0,43732.0,113513.0,73.0,50.0,2872.0,925.0,1521.0,1143.0
791.0,1122.0,45562.0,109455.0,63.0,57.0,3745.0,874.0,1571.0,1130.0
1044.0,1157.0,39245.0,98778.0,73.0,57.0,3913.0,944.0,1551.0,1208.0
990.0,1121.0,49112.0,103590.0,84.0,55.0,2956.0,850.0,1813.0,1162.0
1168.0,1127.0,45495.0,103584.0,61.0,55.0,3211.0,935.0,1684.0,1250.0
910.0,1128.0,48102.0,105759.0,64.0,56.0,3661.0,842.0,1579.0,1159.0
940.0,1144.0,35319.0,102325.0,73.0,59.0,3900.0,959.0,1614.0,1227.0
977.0,1128.0,43089.0,106597.0,71.0,53.0,4688.0,942.0,1925.0,1232.0
984.0,1196.0,38616.0,107808.0,72.0,54.0,3303.0,868.0,1777.0,1222.0
1002.0,1169.0,34451.0,109103.0,72.0,58.0,4833.0,936.0,1533.0,1262.0
888.0,1243.0,30636.0,111052.0,91.0,57.0,4375.0,894.0,2058.0,1304.0
928.0,1245.0,27718.0,110148.0,66.0,55.0,3711.0,913.0,1653.0,1308.0
1121.0,1106.0,44412.0,106039.0,72.0,55.0,4293.0,986.0,1732.0,1313.0
1010.0,1196.0,36999.0,113545.0,80.0,60.0,4405.0,868.0,1435.0,1296.0
800.0,1220.0,23657.0,109349.0,54.0,55.0,3524.0,939.0,1873.0,1265.0
957.0,1211.0,35227.0,108806.0,76.0,56.0,4039.0,944.0,1990.0,1455.0
960.0,1198.0,34035.0,107987.0,74.0,57.0,3792.0,982.0,1472.0,1409.0
865.0,1275.0,34933.0,108410.0,65.0,58.0,4118.0,978.0,1530.0,1503.0
899.0,1168.0,36352.0,106403.0,87.0,56.0,3558.0,945.0,1861.0,1333.0
628.0,1181.0,33462.0,115200.0,83.0,56.0,4281.0,938.0,1816.0,1477.0
691.0,1172.0,28263.0,111240.0,48.0,58.0,3173.0,932.0,2030.0,1366.0
865.0,1194.0,29320.0,120760.0,74.0,54.0,4254.0,970.0,1641.0,1375.0
756.0,1205.0,26332.0,120981.0,87.0,56.0,3326.0,944.0,1816.0,1484.0
971.0,1289.0,27918.0,106473.0,93.0,58.0,3737.0,957.0,1385.0,1384.0
811.0,1205.0,24846.0,110186.0,87.0,58.0,3982.0,927.0,1829.0,1533.0
818.0,1173.0,33742.0,107695.0,77.0,56.0,3588.0,1026.0,1844.0,1517.0
648.0,1222.0,28724.0,111252.0,75.0,61.0,4075.0,958.0,1497.0,1586.0
697.0,1210.0,25903.0,110801.0,62.0,58.0,4113.0,1010.0,1601.0,1432.0
746.0,1230.0,29137.0,109486.0,80.0,60.0,4443.0,988.0,1385.0,1554.0
786.0,1195.0,22554.0,117949.0,66.0,60.0,3851.0,972.0,1557.0,1537.0
728.0,1247.0,23971.0,116492.0,79.0,57.0,3874.0,988.0,1875.0,1526.0
786.0,1240.0,32858.0,115771.0,82.0,61.0,3881.0,952.0,1748.0,1455.0
618.0,1143.0,28598.0,115238.0,74.0,62.0,3763.0,984.0,1764.0,1679.0
664.0,1172.0,23428.0,110703.0,71.0,62.0,4153.0,996.0,1586.0,1637.0
663.0,1241.0,19718.0,119682.0,80.0,66.0,4175.0,1003.0,1603.0,1672.0
591.0,1254.0,23282.0,115982.0,89.0,57.0,4508.0,1008.0,1725.0,1712.0
704.0,1197.0,22997.0,112828.0,79.0,64.0,4266.0,1018.0,1407.0,1656.0
634.0,1229.0,23969.0,113670.0,71.0,59.0,4115.0,974.0,1632.0,1709.0
479.0,1211.0,22293.0,118042.0,77.0,62.0,4208.0,1015.0,1966.0,1722.0
660.0,1251.0,16803.0,121198.0,58.0,64.0,3666.0,1081.0,1552.0,1693.0
687.0,1203.0,21886.0,114355.0,70.0,65.0,4197.0,1016.0,1498.0,1718.0
593.0,1219.0,18552.0,109443.0,92.0,64.0,3565.0,1062.0,1564.0,1725.0
582.0,1235.0,24028.0,115647.0,75.0,60.0,3465.0,973.0,1543.0,1829.0
626.0,1283.0,20274.0,112526.0,68.0,65.0,4568.0,991.0,1604.0,1761.0
639.0,1245.0,20831.0,117735.0,84.0,66.0,4152.0,1119.0,1601.0,1943.0
628.0,1240.0,21589.0,111043.0,91.0,62.0,3696.0,1053.0,1649.0,1920.0
604.0,1335.0,21335.0,112936.0,67.0,64.0,4786.0,1043.0,1775.0,1782.0
696.0,1297.0,19184.0,114395.0,77.0,66.0,4485.0,1055.0,1705.0,1885.0
511.0,1298.0,15765.0,115351.0,91.0,61.0,4011.0,1103.0,2202.0,1888.0
726.0,1319.0,19216.0,119038.0,73.0,64.0,4682.0,1053.0,1679.0,1789.0
646.0,1290.0,20000.0,117256.0,52.0,64.0,3454.0,1109.0,1380.0,1965.0
606.0,1228.0,18289.0,117065.0,75.0,65.0,3323.0,1070.0,1546.0,1861.0
611.0,1240.0,18957.0,111337.0,82.0,64.0,4064.0,1080.0,1893.0,1949.0
690.0,1322.0,14919.0,118101.0,70.0,63.0,4720.0,1079.0,1589.0,1888.0
647.0,1248.0,20801.0,116750.0,93.0,68.0,4177.0,1136.0,1745.0,1977.0
619.0,1276.0,17674.0,122125.0,72.0,70.0,4454.0,1109.0,1738.0,1876.0
760.0,1292.0,17155.0,119211.0,86.0,67.0,4062.0,1053.0,1890.0,1933.0
498.0,1259.0,14542.0,116155.0,81.0,62.0,3570.0,1103.0,1556.0,2045.0
903.0,1289.0,19174.0,113309.0,68.0,68.0,3652.0,1121.0,1912.0,1886.0
779.0,1296.0,16232.0,111159.0,74.0,69.0,3655.0,1109.0,1885.0,1985.0
709.0,1194.0,19396.0,120054.0,82.0,61.0,4129.0,1103.0,2018.0,2049.0
879.0,1188.0,16684.0,119322.0,84.0,65.0,4076.0,1147.0,1901.0,2113.0
870.0,1276.0,16739.0,115031.0,95.0,66.0,4007.0,1143.0,1909.0,2049.0
843.0,1213.0,19091.0,119560.0,93.0,67.0,3146.0,1103.0,1825.0,2089.0
890.0,1233.0,18593.0,113681.0,85.0,67.0,4417.0,1158.0,1540.0,2085.0
777.0,1241.0,16738.0,110881.0,79.0,66.0,4491.0,1105.0,1716.0,2125.0
886.0,1249.0,19935.0,120001.0,77.0,66.0,3722.0,1134.0,1619.0,1957.0
941.0,1332.0,15625.0,121295.0,89.0,65.0,3642.0,1151.0,1685.0,2087.0
1032.0,1252.0,21014.0,113293.0,90.0,66.0,4168.0,1087.0,1531.0,2148.0
1113.0,1261.0,21378.0,120067.0,85.0,73.0,4348.0,1146.0,1908.0,2199.0
943.0,1357.0,22065.0,113682.0,80.0,70.0,3953.0,1247.0,1734.0,2264.0
1084.0,1240.0,19745.0,116096.0,70.0,72.0,3428.0,1224.0,1662.0,2124.0
1208.0,1307.0,20988.0,116719.0,85.0,70.0,3745.0,1118.0,1554.0,2191.0
1237.0,1314.0,20410.0,122432.0,60.0,67.0,4217.0,1159.0,1879.0,2263.0
995.0,1269.0,19841.0,116428.0,95.0,70.0,4452.0,1106.0,1947.0,2263.0
1371.0,1259.0,18016.0,116778.0,90.0,73.0,4052.0,1215.0,1805.0,2019.0
1158.0,1261.0,25110.0,114270.0,93.0,73.0,3953.0,1166.0,1459.0,2175.0
1147.0,1311.0,25031.0,114172.0,109.0,72.0,4772.0,1182.0,1631.0,2134.0
1335.0,1294.0,25458.0,112610.0,74.0,69.0,3889.0,1181.0,1494.0,2345.0
1333.0,1264.0,21450.0,125777.0,86.0,72.0,4351.0,1148.0,1651.0,2264.0
1474.0,1350.0,29080.0,119748.0,98.0,73.0,3564.0,1204.0,1827.0,2235.0
1533.0,1258.0,23978.0,115929.0,87.0,74.0,4487.0,1218.0,1839.0,2254.0
1520.0,1301.0,23284.0,112217.0,89.0,71.0,4896.0,1211.0,1505.0,2211.0
1441.0,1240.0,26244.0,114841.0,71.0,76.0,4551.0,1174.0,1523.0,2320.0
1442.0,1300.0,21966.0,112789.0,77.0,73.0,3953.0,1131.0,1865.0,2349.0
1496.0,1256.0,22424.0,122762.0,61.0,74.0,3789.0,1224.0,1601.0,2457.0
1593.0,1284.0,36715.0,110558.0,64.0,73.0,4677.0,1198.0,1811.0,2202.0
1493.0,1323.0,26984.0,110011.0,74.0,72.0,4225.0,1166.0,1813.0,2304.0
1836.0,1317.0,22326.0,116719.0,77.0,73.0,3901.0,1231.0,1525.0,2412.0
1506.0,1357.0,34816.0,114773.0,80.0,75.0,4156.0,1244.0,1680.0,2357.0
2012.0,1235.0,30410.0,116895.0,73.0,74.0,4803.0,1277.0,1690.0,2391.0
1816.0,1356.0,32270.0,113964.0,93.0,76.0,4101.0,1280.0,1633.0,2430.0
2151.0,1195.0,29796.0,115168.0,85.0,72.0,4098.0,1229.0,1696.0,2539.0
1837.0,1266.0,34394.0,109533.0,91.0,73.0,3577.0,1227.0,1409.0,2491.0
1929.0,1307.0,30349.0,114936.0,91.0,67.0,3258.0,1202.0,1577.0,2562.0
2379.0,1318.0,33296.0,124146.0,87.0,69.0,3771.0,1265.0,1532.0,2400.0
2206.0,1266.0,36834.0,115798.0,71.0,74.0,4706.0,1269.0,1726.0,2610.0
2375.0,1319.0,46505.0,117537.0,74.0,76.0,3714.0,1269.0,1848.0,2514.0
2201.0,1332.0,42701.0,115244.0,84.0,79.0,4273.0,1287.0,1505.0,2511.0
2219.0,1244.0,33295.0,114668.0,83.0,78.0,3782.0,1280.0,1360.0,2580.0
2078.0,1374.0,42141.0,118474.0,84.0,79.0,3197.0,1268.0,1576.0,2559.0
2518.0,1322.0,43434.0,113101.0,88.0,75.0,3842.0,1223.0,1745.0,2589.0
3245.0,1275.0,37395.0,111076.0,87.0,77.0,3797.0,1290.0,1780.0,2483.0
2506.0,1292.0,35088.0,111180.0,101.0,77.0,4012.0,1272.0,1445.0,2515.0
2369.0,1326.0,41939.0,114024.0,83.0,72.0,3825.0,1224.0,1530.0,2597.0
2662.0,1333.0,32224.0,118619.0,101.0,73.0,4750.0,1323.0,1480.0,2669.0
2007.0,1344.0,42357.0,113819.0,86.0,76.0,4503.0,1289.0,1605.0,2583.0
3102.0,1365.0,41918.0,108154.0,81.0,78.0,4675.0,1295.0,1760.0,2722.0
2828.0,1332.0,36113.0,120698.0,80.0,78.0,4148.0,1284.0,1581.0,2686.0
2721.0,1228.0,49207.0,121118.0,97.0,78.0,3395.0,1289.0,1541.0,2608.0
3763.0,1334.0,38335.0,110801.0,71.0,83.0,3279.0,1304.0,1616.0,2551.0
3212.0,1365.0,51197.0,110880.0,106.0,81.0,3954.0,1270.0,1645.0,2623.0
2809.0,1287.0,46166.0,116228.0,83.0,79.0,3699.0,1343.0,1621.0,2642.0
3951.0,1350.0,46896.0,120204.0,85.0,79.0,4022.0,1263.0,1537.0,2779.0
4252.0,1343.0,60275.0,112546.0,97.0,77.0,3932.0,1245.0,1649.0,2623.0
4232.0,1330.0,50169.0,121736.0,97.0,75.0,3794.0,1329.0,1692.0,2645.0
3724.0,1316.0,48097.0,112982.0,104.0,77.0,3879.0,1399.0,1304.0,2767.0
3950.0,1329.0,61324.0,117561.0,117.0,85.0,3733.0,1319.0,1481.0,2834.0
3372.0,1293.0,57754.0,117687.0,80.0,79.0,3207.0,1355.0,1572.0,2846.0
4217.0,1289.0,50660.0,111350.0,100.0,79.0,4340.0,1283.0,1631.0,2691.0
3870.0,1287.0,65091.0,111638.0,88.0,83.0,3897.0,1358.0,1543.0,2751.0
4275.0,1324.0,50850.0,112035.0,92.0,78.0,3266.0,1386.0,1600.0,2953.0
4821.0,1350.0,42410.0,115395.0,69.0,80.0,3628.0,1390.0,1565.0,2932.0
4697.0,1294.0,60206.0,113844.0,94.0,84.0,3433.0,1396.0,1333.0,2902.0
4746.0,1237.0,58288.0,126084.0,99.0,80.0,4240.0,1285.0,1672.0,2896.0
4994.0,1347.0,59362.0,118790.0,83.0,81.0,3632.0,1393.0,1415.0,2918.0
5150.0,1263.0,46787.0,122695.0,94.0,80.0,3307.0,1348.0,1577.0,3065.0
4679.0,1264.0,66793.0,111422.0,69.0,77.0,3938.0,1398.0,1550.0,2800.0
4678.0,1322.0,60384.0,112253.0,97.0,79.0,3543.0,1376.0,1603.0,2873.0
4419.0,1273.0,65085.0,117945.0,95.0,82.0,3822.0,1389.0,1564.0,2917.0
5443.0,1389.0,63039.0,115361.0,74.0,83.0,4318.0,1418.0,1493.0,2748.0
5114.0,1399.0,58952.0,120305.0,94.0,80.0,2867.0,1382.0,1305.0,2808.0
5427.0,1349.0,54897.0,120172.0,70.0,78.0,3967.0,1455.0,1391.0,2895.0
5220.0,1418.0,64378.0,114023.0,81.0,79.0,3542.0,1359.0,1161.0,2932.0
5264.0,1375.0,65726.0,126467.0,85.0,80.0,3616.0,1380.0,1480.0,2970.0
5707.0,1329.0,84507.0,114028.0,85.0,83.0,3923.0,1362.0,1295.0,3043.0
6206.0,1305.0,61808.0,119848.0,72.0,83.0,3151.0,1475.0,1360.0,3187.0
6223.0,1253.0,77527.0,119343.0,72.0,81.0,3639.0,1339.0,1309.0,2741.0
5340.0,1344.0,74973.0,122880.0,86.0,83.0,3891.0,1339.0,1467.0,3147.0
6398.0,1419.0,85126.0,112919.0,67.0,76.0,3080.0,1398.0,1537.0,3091.0
5876.0,1378.0,65815.0,115330.0,56.0,80.0,3337.0,1461.0,1631.0,3153.0
6144.0,1390.0,81951.0,118569.0,70.0,78.0,4158.0,1413.0,1556.0,3067.0
7535.0,1476.0,74411.0,117877.0,61.0,82.0,3870.0,1452.0,1348.0,3103.0
7523.0,1425.0,70320.0,121154.0,62.0,84.0,3759.0,1501.0,1778.0,2894.0
6141.0,1403.0,90053.0,111636.0,58.0,82.0,3770.0,1487.0,1690.0,3271.0
6674.0,1379.0,78867.0,113027.0,62.0,81.0,3542.0,1458.0,1597.0,3196.0
8265.0,1388.0,78983.0,117767.0,71.0,81.0,2810.0,1389.0,1330.0,3087.0
7125.0,1344.0,90816.0,118558.0,67.0,78.0,4069.0,1419.0,2023.0,3053.0
7570.0,1393.0,82143.0,126418.0,68.0,78.0,4361.0,1452.0,1771.0,3059.0
9057.0,1369.0,90433.0,120012.0,65.0,81.0,3391.0,1359.0,1726.0,3051.0
8727.0,1486.0,98163.0,122442.0,47.0,72.0,3900.0,1504.0,1877.0,3362.0
7826.0,1312.0,88886.0,112206.0,71.0,75.0,3810.0,1423.0,1989.0,3188.0
7987.0,1493.0,85102.0,115027.0,55.0,80.0,3744.0,1457.0,1719.0,3111.0
8422.0,1429.0,96042.0,115831.0,61.0,81.0,3604.0,1418.0,1936.0,3094.0
9916.0,1428.0,86739.0,120793.0,66.0,82.0,3662.0,1451.0,1725.0,3153.0
6709.0,1501.0,80654.0,116046.0,63.0,78.0,3051.0,1498.0,2001.0,3263.0
7954.0,1461.0,93840.0,123795.0,63.0,80.0,2912.0,1388.0,1751.0,3177.0
9828.0,1451.0,93173.0,121565.0,49.0,82.0,4130.0,1445.0,1597.0,3060.0
7871.0,1484.0,117689.0,117861.0,52.0,77.0,3610.0,1455.0,1976.0,3447.0
9267.0,1303.0,84682.0,117587.0,64.0,80.0,3247.0,1484.0,2075.0,3446.0
8951.0,1398.0,84612.0,115102.0,56.0,83.0,3536.0,1502.0,2144.0,3383.0
10354.0,1366.0,81091.0,113946.0,47.0,79.0,3342.0,1555.0,2193.0,3465.0
8148.0,1466.0,85324.0,119274.0,45.0,78.0,3676.0,1385.0,1989.0,3204.0
11883.0,1475.0,103497.0,121106.0,43.0,82.0,3573.0,1565.0,2096.0,3273.0
9753.0,1439.0,102894.0,114958.0,50.0,83.0,3301.0,1457.0,2100.0,3522.0
10484.0,1465.0,105997.0,117341.0,53.0,83.0,2563.0,1414.0,2252.0,3342.0
11967.0,1424.0,111901.0,123080.0,49.0,85.0,3155.0,1432.0,2030.0,3276.0
12632.0,1564.0,119065.0,120680.0,48.0,78.0,2446.0,1497.0,2265.0,3317.0
11500.0,1596.0,107422.0,118320.0,47.0,86.0,2563.0,1479.0,1860.0,3622.0
11902.0,1498.0,113477.0,113497.0,51.0,87.0,2555.0,1435.0,2286.0,3180.0
14203.0,1450.0,92623.0,113381.0,49.0,79.0,2661.0,1470.0,2017.0,3360.0
14380.0,1448.0,88468.0,123175.0,46.0,76.0,1621.0,1529.0,2280.0,3287.0
12385.0,1548.0,96870.0,116074.0,37.0,82.0,1848.0,1383.0,1708.0,3510.0
12001.0,1501.0,116743.0,113110.0,45.0,79.0,1959.0,1394.0,2120.0,3446.0
10999.0,1517.0,111031.0,117583.0,36.0,76.0,1962.0,1383.0,2062.0,3578.0
14001.0,1524.0,98177.0,121568.0,45.0,81.0,1682.0,1417.0,1717.0,3448.0
14503.0,1517.0,129662.0,118324.0,44.0,81.0,1861.0,1404.0,2439.0,3354.0
14027.0,1521.0,100006.0,116183.0,38.0,85.0,1507.0,1432.0,2400.0,3518.0
15659.0,1504.0,113079.0,118192.0,32.0,78.0,1941.0,1543.0,2066.0,3604.0
13742.0,1588.0,122994.0,117979.0,37.0,76.0,1612.0,1417.0,2125.0,3511.0
11412.0,1617.0,101122.0,119279.0,46.0,82.0,1636.0,1407.0,2348.0,3286.0
14608.0,1562.0,105946.0,122925.0,42.0,85.0,1619.0,1523.0,2002.0,3615.0
14591.0,1591.0,114261.0,120356.0,43.0,78.0,1619.0,1463.0,2037.0,3751.0
13618.0,1576.0,131369.0,114215.0,40.0,76.0,1425.0,1460.0,2079.0,3699.0
12613.0,1542.0,114983.0,120469.0,42.0,77.0,1491.0,1385.0,2220.0,3642.0
15160.0,1545.0,109643.0,123879.0,46.0,81.0,1311.0,1475.0,2699.0,3713.0
16127.0,1524.0,94051.0,117091.0,43.0,82.0,1289.0,1431.0,2627.0,3938.0
13512.0,1570.0,104139.0,119996.0,32.0,77.0,909.0,1442.0,2790.0,3859.0
13614.0,1666.0,108659.0,116645.0,37.0,77.0,1364.0,1479.0,1798.0,3725.0
16961.0,1465.0,113029.0,118101.0,38.0,78.0,1274.0,1439.0,2145.0,3850.0
16010.0,1581.0,112135.0,116013.0,30.0,78.0,1054.0,1467.0,2631.0,3681.0
15183.0,1556.0,107220.0,113799.0,35.0,80.0,989.0,1479.0,2223.0,3686.0
16136.0,1609.0,104003.0,121608.0,40.0,78.0,1121.0,1502.0,2198.0,3614.0
16745.0,1560.0,133236.0,117000.0,32.0,82.0,1015.0,1317.0,2265.0,3523.0
13396.0,1587.0,93962.0,128639.0,31.0,80.0,941.0,1476.0,2753.0,3787.0
13287.0,1578.0,107086.0,121302.0,32.0,84.0,893.0,1486.0,2415.0,3897.0
17858.0,1615.0,114546.0,122679.0,28.0,78.0,799.0,1498.0,2386.0,3709.0
16138.0,1719.0,113724.0,119496.0,32.0,79.0,930.0,1535.0,1924.0,3820.0
18946.0,1622.0,144694.0,110631.0,23.0,85.0,766.0,1471.0,2377.0,4068.0
15481.0,1637.0,107911.0,125371.0,27.0,80.0,998.0,1439.0,1897.0,3935.0
14723.0,1688.0,102571.0,130570.0,26.0,81.0,765.0,1458.0,2381.0,3947.0
16172.0,1644.0,146911.0,119805.0,30.0,80.0,798.0,1469.0,1939.0,3772.0
16162.0,1619.0,128015.0,119219.0,31.0,85.0,744.0,1530.0,1829.0,3764.0
17244.0,1569.0,123908.0,123397.0,28.0,83.0,706.0,1437.0,1816.0,3855.0
15097.0,1547.0,109083.0,123066.0,24.0,82.0,648.0,1400.0,1893.0,3720.0
13770.0,1596.0,100700.0,119026.0,29.0,83.0,684.0,1533.0,1764.0,3674.0
15901.0,1647.0,120485.0,127430.0,27.0,85.0,534.0,1417.0,1922.0,3728.0
18896.0,1694.0,106928.0,117962.0,27.0,87.0,635.0,1525.0,1261.0,3867.0
16013.0,1666.0,111065.0,121532.0,31.0,83.0,589.0,1601.0,1850.0,3837.0
14739.0,1706.0,110871.0,123512.0,30.0,80.0,570.0,1525.0,1562.0,3921.0
18298.0,1793.0,113906.0,121074.0,30.0,82.0,598.0,1444.0,1592.0,3755.0
19891.0,1688.0,100313.0,118475.0,25.0,82.0,510.0,1468.0,1459.0,3822.0
15013.0,1755.0,116297.0,120140.0,25.0,80.0,438.0,1529.0,1475.0,3799.0
17097.0,1753.0,117679.0,122927.0,25.0,84.0,546.0,1421.0,1437.0,3814.0
19077.0,1785.0,116180.0,119447.0,28.0,78.0,475.0,1504.0,1582.0,4040.0
17738.0,1744.0,133876.0,131173.0,26.0,82.0,381.0,1496.0,1174.0,3813.0
14636.0,1767.0,96795.0,112228.0,29.0,83.0,409.0,1450.0,1261.0,3927.0
16071.0,1758.0,112096.0,125438.0,20.0,81.0,381.0,1432.0,1478.0,3972.0
16058.0,1821.0,120899.0,125680.0,21.0,75.0,410.0,1558.0,1301.0,3767.0
14739.0,1765.0,102844.0,124983.0,21.0,84.0,409.0,1448.0,1322.0,3758.0
16826.0,1834.0,118900.0,122599.0,25.0,78.0,336.0,1398.0,1141.0,3826.0
18525.0,1824.0,90862.0,128798.0,23.0,80.0,353.0,1483.0,1047.0,4061.0
15094.0,1692.0,98467.0,119061.0,20.0,83.0,301.0,1508.0,1090.0,3807.0
17480.0,1778.0,82224.0,117076.0,20.0,80.0,340.0,1554.0,1089.0,3752.0
18120.0,1818.0,111359.0,119186.0,16.0,85.0,222.0,1428.0,991.0,3759.0
16126.0,1789.0,107134.0,117897.0,22.0,82.0,292.0,1459.0,728.0,3725.0
17202.0,1775.0,100528.0,123239.0,21.0,81.0,301.0,1456.0,805.0,3892.0
17151.0,1744.0,104445.0,118426.0,21.0,81.0,235.0,1377.0,1067.0,4058.0
15196.0,1870.0,118535.0,119109.0,19.0,85.0,253.0,1461.0,968.0,3908.0
15917.0,1837.0,81529.0,123626.0,20.0,82.0,255.0,1499.0,995.0,3925.0
14847.0,1763.0,108024.0,122236.0,19.0,82.0,223.0,1522.0,816.0,3897.0
16039.0,1801.0,77258.0,117030.0,18.0,86.0,190.0,1418.0,666.0,4060.0
16902.0,1808.0,91303.0,123234.0,18.0,76.0,200.0,1472.0,829.0,3850.0
15776.0,1900.0,87275.0,124610.0,18.0,82.0,241.0,1376.0,798.0,3718.0
14288.0,1899.0,81834.0,128871.0,17.0,80.0,232.0,1461.0,770.0,3860.0
15901.0,1835.0,78913.0,119464.0,19.0,87.0,209.0,1576.0,747.0,3880.0
16348.0,1978.0,84620.0,119459.0,17.0,82.0,204.0,1525.0,684.0,3818.0
15359.0,1865.0,101288.0,117925.0,18.0,82.0,165.0,1401.0,670.0,3883.0
15561.0,1811.0,76666.0,113756.0,19.0,77.0,167.0,1436.0,682.0,3868.0
13699.0,1855.0,100953.0,122318.0,18.0,84.0,173.0,1471.0,531.0,4005.0
15755.0,1988.0,88558.0,129196.0,16.0,76.0,143.0,1444.0,675.0,3879.0
14367.0,1852.0,86164.0,117526.0,14.0,81.0,192.0,1486.0,655.0,4059.0
15429.0,1875.0,76958.0,120490.0,14.0,80.0,125.0,1514.0,482.0,4033.0
16130.0,1938.0,97390.0,123286.0,18.0,78.0,152.0,1508.0,536.0,3976.0
14587.0,1932.0,77416.0,123365.0,18.0,74.0,134.0,1476.0,640.0,3763.0
14354.0,1837.0,77403.0,122483.0,16.0,85.0,128.0,1462.0,546.0,3692.0
13172.0,1916.0,75505.0,121238.0,14.0,76.0,137.0,1404.0,506.0,3894.0
15236.0,1959.0,99691.0,122065.0,13.0,85.0,120.0,1589.0,613.0,3690.0
16867.0,2025.0,87171.0,127942.0,15.0,82.0,116.0,1526.0,365.0,3940.0
15294.0,1968.0,80241.0,133120.0,16.0,79.0,114.0,1510.0,483.0,3703.0
13893.0,1881.0,95711.0,117625.0,13.0,84.0,107.0,1490.0,371.0,3972.0
10719.0,1838.0,89218.0,117141.0,14.0,79.0,114.0,1477.0,453.0,3865.0
14771.0,2030.0,74612.0,125750.0,13.0,80.0,99.0,1466.0,423.0,3876.0
12107.0,1907.0,69448.0,120883.0,14.0,85.0,83.0,1475.0,357.0,3932.0
15071.0,1929.0,75460.0,125924.0,13.0,87.0,95.0,1454.0,454.0,3899.0
14447.0,1931.0,79226.0,121464.0,14.0,82.0,73.0,1390.0,352.0,4130.0
9955.0,1999.0,75210.0,121929.0,13.0,81.0,78.0,1469.0,414.0,3897.0
10576.0,2002.0,78664.0,119341.0,12.0,81.0,90.0,1423.0,297.0,3945.0
12015.0,1993.0,69217.0,121974.0,13.0,80.0,88.0,1511.0,328.0,3856.0
11246.0,1970.0,71793.0,126954.0,14.0,80.0,78.0,1518.0,282.0,3928.0
12252.0,1876.0,72562.0,125171.0,14.0,81.0,81.0,1564.0,335.0,4107.0
12253.0,1975.0,67862.0,125269.0,12.0,82.0,63.0,1508.0,334.0,4011.0
13618.0,2053.0,59119.0,123301.0,12.0,85.0,66.0,1444.0,303.0,3985.0
12201.0,2025.0,75726.0,121397.0,11.0,81.0,66.0,1419.0,337.0,4015.0
11641.0,2088.0,59975.0,120782.0,14.0,83.0,66.0,1434.0,278.0,3862.0
10552.0,2021.0,64514.0,125815.0,12.0,82.0,58.0,1485.0,253.0,3983.0
11170.0,1908.0,70960.0,125845.0,11.0,82.0,55.0,1457.0,265.0,3888.0
11550.0,2039.0,70771.0,129690.0,12.0,86.0,54.0,1379.0,276.0,4024.0
9629.0,2047.0,66986.0,120910.0,9.0,80.0,55.0,1449.0,229.0,3960.0
9541.0,2026.0,67772.0,128529.0,11.0,78.0,56.0,1572.0,295.0,4087.0
9958.0,2130.0,63470.0,131948.0,12.0,81.0,57.0,1508.0,227.0,3937.0
10116.0,1989.0,61491.0,127507.0,9.0,81.0,45.0,1426.0,231.0,3999.0
10567.0,2042.0,55757.0,124588.0,10.0,78.0,49.0,1482.0,246.0,3829.0
10251.0,2110.0,59948.0,123120.0,10.0,83.0,46.0,1368.0,256.0,4198.0
10298.0,2074.0,63793.0,123454.0,11.0,80.0,46.0,1451.0,198.0,3856.0
10733.0,2127.0,60227.0,127317.0,10.0,87.0,47.0,1516.0,192.0,3639.0
7280.0,2030.0,57223.0,121958.0,8.0,77.0,40.0,1482.0,174.0,3754.0
9232.0,2043.0,55721.0,128118.0,10.0,83.0,42.0,1540.0,221.0,4144.0
10338.0,2134.0,47083.0,117633.0,8.0,81.0,36.0,1606.0,231.0,3824.0
9428.0,2029.0,50949.0,125572.0,9.0,79.0,37.0,1421.0,136.0,3884.0
9288.0,1988.0,55133.0,128430.0,8.0,84.0,30.0,1540.0,166.0,3922.0
9165.0,1953.0,47898.0,128632.0,9.0,83.0,38.0,1441.0,154.0,3831.0
10350.0,1991.0,55306.0,108052.0,8.0,81.0,31.0,1457.0,154.0,3870.0
8830.0,2015.0,45702.0,125841.0,8.0,79.0,30.0,1537.0,171.0,3936.0
8834.0,1986.0,47357.0,132659.0,9.0,80.0,29.0,1529.0,162.0,3906.0
8650.0,2110.0,32945.0,122661.0,10.0,82.0,29.0,1521.0,164.0,3728.0
8986.0,2177.0,50357.0,126269.0,8.0,78.0,31.0,1396.0,149.0,3842.0
6517.0,2164.0,42446.0,129578.0,9.0,79.0,33.0,1573.0,139.0,3998.0
8711.0,2029.0,43421.0,127437.0,7.0,84.0,24.0,1528.0,137.0,4173.0
6810.0,2173.0,47214.0,125340.0,8.0,80.0,29.0,1477.0,124.0,3867.0
7002.0,2002.0,41194.0,127314.0,8.0,82.0,22.0,1457.0,144.0,3997.0
6118.0,2062.0,38621.0,125160.0,8.0,77.0,25.0,1442.0,98.0,3914.0
7079.0,2229.0,43645.0,124863.0,8.0,85.0,28.0,1499.0,107.0,4134.0
7471.0,2220.0,42774.0,130433.0,8.0,78.0,21.0,1567.0,123.0,3881.0
6975.0,2075.0,39926.0,131203.0,7.0,82.0,18.0,1456.0,110.0,3909.0
7212.0,2151.0,38221.0,118671.0,7.0,78.0,21.0,1438.0,88.0,3856.0
6451.0,2119.0,42652.0,124291.0,6.0,81.0,21.0,1433.0,114.0,3728.0
6770.0,2187.0,41165.0,128446.0,7.0,82.0,19.0,1486.0,112.0,4033.0
6660.0,2154.0,42488.0,121612.0,6.0,83.0,18.0,1390.0,114.0,4068.0
5968.0,2063.0,43530.0,134136.0,7.0,80.0,20.0,1475.0,110.0,4047.0
6756.0,2109.0,41116.0,115454.0,6.0,86.0,19.0,1557.0,91.0,3931.0
6569.0,2022.0,38023.0,123830.0,6.0,82.0,17.0,1305.0,100.0,3849.0
6949.0,2214.0,39652.0,121775.0,6.0,82.0,19.0,1517.0,81.0,3717.0
5479.0,2211.0,36674.0,125939.0,7.0,81.0,16.0,1410.0,72.0,3936.0
5358.0,2258.0,34382.0,126568.0,6.0,82.0,14.0,1441.0,79.0,3665.0
5750.0,2301.0,34494.0,128323.0,7.0,78.0,14.0,1452.0,85.0,3715.0
5249.0,2227.0,37631.0,129229.0,6.0,83.0,13.0,1483.0,80.0,3758.0
5447.0,2227.0,31321.0,120628.0,6.0,79.0,15.0,1496.0,76.0,3712.0
5697.0,2062.0,27361.0,131506.0,5.0,87.0,14.0,1393.0,69.0,3826.0
5696.0,2265.0,36535.0,133443.0,6.0,83.0,12.0,1487.0,77.0,4231.0
5312.0,2189.0,37835.0,123936.0,6.0,76.0,12.0,1451.0,84.0,3844.0
4997.0,2200.0,31665.0,127092.0,6.0,81.0,14.0,1512.0,70.0,3857.0
4815.0,2078.0,29073.0,126199.0,7.0,84.0,12.0,1438.0,61.0,3894.0
5134.0,2114.0,28134.0,119890.0,6.0,81.0,10.0,1536.0,57.0,3901.0
4723.0,2240.0,29673.0,130259.0,5.0,84.0,10.0,1487.0,66.0,3819.0
4908.0,2134.0,38138.0,125820.0,6.0,83.0,11.0,1515.0,63.0,4140.0
3958.0,2096.0,27368.0,118724.0,5.0,78.0,9.0,1406.0,69.0,3877.0
4404.0,2095.0,30644.0,131445.0,5.0,84.0,9.0,1513.0,52.0,4031.0
4473.0,2023.0,24595.0,128609.0,5.0,79.0,9.0,1485.0,53.0,3890.0
4711.0,2133.0,32069.0,125564.0,5.0,78.0,9.0,1558.0,55.0,3853.0
4323.0,2157.0,28504.0,124633.0,6.0,78.0,10.0,1446.0,46.0,4034.0
4461.0,2113.0,25980.0,128674.0,5.0,83.0,8.0,1404.0,53.0,3839.0
4327.0,2082.0,28595.0,128012.0,5.0,83.0,9.0,1412.0,56.0,4067.0
4659.0,2168.0,26224.0,125618.0,4.0,81.0,9.0,1488.0,43.0,3810.0
4254.0,2219.0,22697.0,127100.0,5.0,87.0,8.0,1455.0,44.0,3848.0
3407.0,2262.0,27410.0,129331.0,5.0,82.0,7.0,1491.0,47.0,3976.0
3612.0,2116.0,24448.0,116753.0,5.0,84.0,8.0,1365.0,45.0,3863.0
3591.0,2254.0,22380.0,127597.0,4.0,80.0,6.0,1419.0,34.0,3706.0
3106.0,2276.0,24592.0,125669.0,5.0,80.0,5.0,1473.0,31.0,3798.0
4277.0,2135.0,25291.0,125174.0,5.0,83.0,6.0,1446.0,42.0,3958.0
3631.0,2207.0,25168.0,117058.0,5.0,75.0,6.0,1446.0,38.0,4213.0
2921.0,2178.0,19861.0,128190.0,5.0,86.0,6.0,1501.0,39.0,3856.0
3038.0,2139.0,24828.0,127145.0,5.0,89.0,6.0,1500.0,32.0,3946.0
2704.0,2130.0,23111.0,123626.0,5.0,79.0,5.0,1510.0,42.0,3743.0
3201.0,2239.0,20217.0,122722.0,4.0,80.0,6.0,1541.0,34.0,4121.0
3001.0,2081.0,23057.0,126827.0,4.0,77.0,5.0,1489.0,35.0,3780.0
3331.0,2123.0,17775.0,126359.0,3.0,83.0,6.0,1494.0,39.0,4054.0
2873.0,2280.0,16671.0,122099.0,4.0,82.0,5.0,1448.0,28.0,3819.0
3189.0,2202.0,23725.0,130735.0,4.0,77.0,4.0,1491.0,35.0,4187.0
2740.0,2167.0,20039.0,125350.0,3.0,82.0,5.0,1458.0,32.0,3943.0
2945.0,2120.0,20697.0,128310.0,4.0,78.0,4.0,1525.0,34.0,4090.0
2920.0,2213.0,18503.0,125569.0,3.0,85.0,4.0,1537.0,27.0,3817.0
2749.0,2170.0,18628.0,124342.0,4.0,81.0,4.0,1373.0,27.0,3927.0
3029.0,2203.0,15606.0,122855.0,4.0,80.0,4.0,1477.0,28.0,3759.0
2360.0,2135.0,17222.0,124668.0,3.0,77.0,4.0,1452.0,29.0,4092.0
2499.0,2237.0,18096.0,130649.0,4.0,79.0,4.0,1511.0,27.0,3882.0
2347.0,2216.0,17753.0,121015.0,3.0,81.0,3.0,1423.0,24.0,3713.0
2299.0,2070.0,15928.0,130314.0,4.0,83.0,3.0,1474.0,27.0,4087.0
2337.0,2226.0,20072.0,126442.0,4.0,85.0,4.0,1382.0,22.0,3917.0
2556.0,2121.0,17319.0,123913.0,3.0,85.0,3.0,1514.0,24.0,3928.0
1897.0,2265.0,18765.0,120172.0,3.0,82.0,3.0,1455.0,25.0,3910.0
2000.0,2190.0,17259.0,124084.0,3.0,81.0,3.0,1457.0,21.0,3890.0
2355.0,2192.0,16675.0,127853.0,4.0,81.0,4.0,1468.0,20.0,3901.0
2327.0,2124.0,16638.0,127122.0,4.0,82.0,3.0,1408.0,23.0,3650.0
2086.0,2250.0,14639.0,122248.0,4.0,85.0,3.0,1465.0,21.0,3921.0
2043.0,2102.0,15865.0,136374.0,3.0,84.0,3.0,1413.0,18.0,3975.0
2194.0,2172.0,13843.0,126673.0,3.0,77.0,3.0,1519.0,19.0,3968.0
2112.0,2247.0,14924.0,121284.0,3.0,81.0,3.0,1543.0,18.0,3927.0
1868.0,2272.0,12035.0,126058.0,3.0,80.0,3.0,1561.0,16.0,3749.0
1987.0,2345.0,16922.0,118621.0,3.0,81.0,2.0,1423.0,19.0,3986.0
1519.0,2157.0,12551.0,133164.0,3.0,84.0,3.0,1507.0,16.0,4080.0
2028.0,2159.0,14354.0,129815.0,3.0,81.0,3.0,1494.0,16.0,3647.0
2073.0,2113.0,15728.0,124516.0,3.0,80.0,3.0,1519.0,17.0,4033.0
1714.0,2202.0,13964.0,122925.0,2.0,82.0,4.0,1560.0,13.0,3888.0
1721.0,2202.0,11477.0,128503.0,3.0,82.0,3.0,1457.0,16.0,3825.0
1509.0,2083.0,13141.0,136471.0,3.0,81.0,3.0,1479.0,16.0,3697.0
1676.0,2282.0,11578.0,129249.0,3.0,84.0,3.0,1493.0,15.0,4074.0
1701.0,2199.0,13171.0,128853.0,3.0,80.0,4.0,1519.0,12.0,4047.0
1595.0,2206.0,11910.0,126984.0,2.0,88.0,3.0,1419.0,14.0,3836.0
1303.0,2211.0,14713.0,121631.0,2.0,83.0,4.0,1484.0,14.0,3775.0
1370.0,2228.0,15221.0,130800.0,2.0,79.0,3.0,1545.0,12.0,4151.0
1293.0,2224.0,11807.0,126480.0,2.0,79.0,4.0,1478.0,13.0,3678.0
1289.0,2172.0,10878.0,127000.0,2.0,86.0,4.0,1457.0,11.0,3834.0
1383.0,2141.0,10812.0,126562.0,3.0,82.0,4.0,1506.0,13.0,3935.0
1503.0,2216.0,12723.0,129602.0,2.0,81.0,5.0,1541.0,11.0,3936.0
1456.0,2290.0,11620.0,124608.0,2.0,83.0,4.0,1447.0,12.0,4065.0
1504.0,2272.0,11150.0,122239.0,2.0,86.0,5.0,1321.0,13.0,3835.0
1366.0,2165.0,11589.0,126646.0,2.0,78.0,5.0,1441.0,10.0,3926.0
1519.0,2143.0,12770.0,128278.0,2.0,82.0,5.0,1495.0,9.0,3851.0
1205.0,2263.0,10493.0,135418.0,2.0,85.0,6.0,1475.0,10.0,4136.0
1421.0,2178.0,12278.0,130655.0,2.0,82.0,5.0,1447.0,10.0,3848.0
1332.0,2194.0,8349.0,126252.0,2.0,80.0,7.0,1557.0,10.0,4036.0
1287.0,2326.0,10762.0,130531.0,2.0,78.0,6.0,1457.0,9.0,3917.0
1316.0,2240.0,10252.0,134454.0,2.0,79.0,7.0,1394.0,9.0,3877.0
1221.0,2307.0,9697.0,121823.0,2.0,76.0,6.0,1457.0,9.0,3910.0
1146.0,2173.0,9380.0,122643.0,2.0,80.0,7.0,1485.0,8.0,4128.0
1044.0,2076.0,9749.0,126259.0,2.0,83.0,7.0,1479.0,9.0,3886.0
1217.0,2116.0,9973.0,132404.0,2.0,86.0,7.0,1464.0,9.0,4055.0
1196.0,2148.0,10406.0,124183.0,2.0,82.0,6.0,1441.0,9.0,3859.0
842.0,2166.0,8651.0,129826.0,2.0,83.0,7.0,1448.0,7.0,4136.0
1012.0,2260.0,9217.0,129333.0,2.0,89.0,10.0,1472.0,8.0,3900.0
1052.0,2195.0,9978.0,121951.0,2.0,82.0,9.0,1535.0,8.0,4151.0
893.0,2221.0,8659.0,128263.0,2.0,85.0,8.0,1493.0,8.0,3898.0
905.0,2149.0,9445.0,118672.0,2.0,85.0,9.0,1536.0,7.0,3968.0
969.0,2278.0,8551.0,129725.0,2.0,79.0,12.0,1490.0,7.0,3833.0
1145.0,2174.0,8398.0,124622.0,1.0,78.0,10.0,1521.0,6.0,3969.0
851.0,2131.0,8071.0,129520.0,1.0,79.0,10.0,1371.0,8.0,4075.0
812.0,2203.0,7390.0,127330.0,1.0,79.0,11.0,1519.0,8.0,3892.0
940.0,2215.0,8143.0,127114.0,2.0,78.0,12.0,1438.0,10.0,4085.0
1000.0,2337.0,7077.0,112462.0,1.0,84.0,12.0,1465.0,9.0,3567.0
795.0,2160.0,8731.0,124174.0,2.0,79.0,13.0,1509.0,8.0,3821.0
811.0,2252.0,8889.0,124870.0,2.0,81.0,14.0,1536.0,8.0,3968.0
789.0,2157.0,7981.0,122878.0,2.0,85.0,14.0,1392.0,13.0,3857.0
828.0,2345.0,7301.0,123321.0,2.0,81.0,13.0,1505.0,11.0,3931.0
861.0,2190.0,7134.0,121509.0,1.0,82.0,15.0,1481.0,13.0,4194.0
781.0,2259.0,5958.0,120962.0,2.0,89.0,14.0,1506.0,12.0,4183.0
668.0,2196.0,8014.0,126683.0,1.0,80.0,17.0,1482.0,14.0,3913.0
821.0,2314.0,6812.0,120379.0,1.0,86.0,15.0,1403.0,12.0,3716.0
720.0,2216.0,7102.0,130405.0,2.0,82.0,17.0,1501.0,17.0,3997.0
730.0,2136.0,5130.0,123389.0,2.0,80.0,16.0,1520.0,18.0,4182.0
898.0,2253.0,6893.0,124811.0,1.0,79.0,22.0,1406.0,21.0,4004.0
728.0,2421.0,7507.0,127655.0,1.0,85.0,21.0,1432.0,17.0,3945.0
716.0,2348.0,7183.0,128530.0,1.0,81.0,17.0,1482.0,20.0,4062.0
704.0,2120.0,7000.0,119640.0,1.0,79.0,20.0,1434.0,20.0,4031.0
638.0,2382.0,6749.0,121414.0,1.0,79.0,23.0,1471.0,20.0,3854.0
660.0,2279.0,5795.0,125648.0,1.0,85.0,26.0,1398.0,22.0,3866.0
572.0,2231.0,6222.0,129689.0,1.0,80.0,25.0,1480.0,22.0,3865.0
624.0,2327.0,6898.0,124335.0,1.0,84.0,22.0,1452.0,28.0,4157.0
656.0,2153.0,7249.0,129122.0,1.0,79.0,26.0,1500.0,26.0,3938.0
686.0,2183.0,6756.0,125196.0,1.0,81.0,29.0,1412.0,30.0,3878.0
634.0,2243.0,5906.0,131325.0,1.0,86.0,30.0,1600.0,33.0,3982.0
635.0,2331.0,5030.0,135430.0,1.0,85.0,27.0,1539.0,36.0,4074.0
489.0,2145.0,5976.0,125430.0,1.0,84.0,27.0,1489.0,39.0,4181.0
559.0,2231.0,6457.0,132336.0,1.0,80.0,34.0,1496.0,32.0,3983.0
518.0,2236.0,5393.0,129883.0,1.0,83.0,32.0,1559.0,44.0,4068.0
557.0,2249.0,5960.0,117427.0,1.0,83.0,30.0,1463.0,41.0,3901.0
548.0,2246.0,6389.0,113503.0,1.0,77.0,37.0,1455.0,53.0,3850.0
563.0,2215.0,5239.0,126746.0,2.0,79.0,39.0,1564.0,54.0,4089.0
468.0,2312.0,5892.0,125748.0,2.0,83.0,44.0,1414.0,54.0,4081.0
547.0,2326.0,5242.0,126339.0,1.0,81.0,41.0,1453.0,59.0,3827.0
571.0,2300.0,5044.0,126522.0,2.0,81.0,44.0,1488.0,58.0,3640.0
484.0,2221.0,5205.0,125269.0,1.0,74.0,41.0,1367.0,67.0,4032.0
387.0,2156.0,4745.0,132225.0,2.0,86.0,45.0,1458.0,74.0,3846.0
435.0,2097.0,5626.0,126247.0,2.0,78.0,56.0,1329.0,92.0,3888.0
544.0,2176.0,5038.0,128789.0,2.0,83.0,57.0,1420.0,96.0,3974.0
461.0,2231.0,4491.0,126822.0,2.0,77.0,54.0,1401.0,93.0,3884.0
448.0,2303.0,5019.0,135150.0,2.0,78.0,51.0,1532.0,98.0,3776.0
422.0,2178.0,5383.0,126585.0,3.0,84.0,54.0,1501.0,112.0,3797.0
455.0,2201.0,5441.0,126726.0,2.0,78.0,63.0,1455.0,100.0,3996.0
353.0,2204.0,4505.0,128749.0,2.0,84.0,64.0,1494.0,106.0,3961.0
421.0,2168.0,4606.0,121620.0,3.0,83.0,66.0,1521.0,106.0,3924.0
431.0,2248.0,4207.0,123143.0,2.0,82.0,66.0,1422.0,129.0,3821.0
410.0,2105.0,5520.0,124548.0,3.0,88.0,77.0,1560.0,161.0,3756.0
406.0,2233.0,4100.0,127613.0,2.0,81.0,86.0,1377.0,128.0,3769.0
451.0,2206.0,4768.0,126463.0,3.0,80.0,92.0,1532.0,133.0,4023.0
407.0,2263.0,4533.0,117664.0,3.0,82.0,91.0,1513.0,154.0,4094.0
388.0,2286.0,3799.0,127796.0,3.0,85.0,76.0,1490.0,173.0,3806.0
380.0,2121.0,4418.0,123059.0,4.0,80.0,89.0,1500.0,172.0,4015.0
384.0,2293.0,4281.0,127357.0,3.0,85.0,109.0,1378.0,186.0,4011.0
406.0,2140.0,3663.0,121033.0,3.0,79.0,100.0,1473.0,246.0,4003.0
371.0,2357.0,4594.0,121792.0,3.0,83.0,87.0,1505.0,222.0,4045.0
452.0,2325.0,3931.0,123604.0,3.0,84.0,131.0,1519.0,241.0,4221.0
429.0,2123.0,3677.0,121966.0,4.0,80.0,114.0,1503.0,265.0,3960.0
433.0,2228.0,4359.0,127675.0,4.0,86.0,122.0,1493.0,290.0,4079.0
478.0,2293.0,4135.0,122773.0,4.0,85.0,113.0,1389.0,280.0,3940.0
445.0,2367.0,3685.0,120351.0,4.0,85.0,128.0,1429.0,283.0,3990.0
502.0,2161.0,3752.0,127786.0,4.0,82.0,152.0,1603.0,354.0,4143.0
496.0,2166.0,4109.0,131722.0,4.0,83.0,165.0,1397.0,314.0,4089.0
452.0,2255.0,3592.0,127391.0,4.0,78.0,170.0,1418.0,381.0,4021.0
523.0,2302.0,4241.0,120848.0,4.0,79.0,154.0,1497.0,370.0,3996.0
613.0,2373.0,4120.0,129744.0,5.0,82.0,143.0,1478.0,384.0,4092.0
560.0,2148.0,5028.0,134515.0,5.0,85.0,170.0,1417.0,415.0,3906.0
614.0,2380.0,4815.0,125632.0,6.0,83.0,178.0,1469.0,502.0,4053.0
619.0,2236.0,5530.0,122758.0,5.0,83.0,197.0,1448.0,507.0,3984.0
789.0,2303.0,5256.0,133183.0,7.0,82.0,210.0,1445.0,568.0,4184.0
774.0,2179.0,6429.0,132492.0,6.0,78.0,198.0,1460.0,582.0,3659.0
729.0,2234.0,5148.0,130312.0,6.0,86.0,194.0,1444.0,625.0,3936.0
697.0,2230.0,6395.0,125977.0,5.0,77.0,209.0,1430.0,669.0,3945.0
926.0,2133.0,7095.0,120850.0,6.0,84.0,266.0,1423.0,705.0,3863.0
1016.0,2265.0,6894.0,128153.0,7.0,87.0,235.0,1468.0,669.0,3894.0
960.0,2301.0,6684.0,127554.0,7.0,86.0,270.0,1365.0,734.0,4039.0
874.0,2171.0,9730.0,125098.0,8.0,78.0,224.0,1521.0,847.0,4065.0
1016.0,2270.0,9642.0,124454.0,8.0,81.0,281.0,1482.0,884.0,4202.0
974.0,2253.0,11054.0,128977.0,8.0,78.0,286.0,1523.0,878.0,4006.0
1212.0,2124.0,11481.0,115874.0,8.0,85.0,272.0,1358.0,1071.0,4301.0
1262.0,2393.0,11703.0,130362.0,8.0,81.0,326.0,1534.0,1225.0,3882.0
1261.0,2222.0,12377.0,120439.0,9.0,84.0,362.0,1428.0,1210.0,4218.0
1441.0,2317.0,15848.0,126150.0,9.0,81.0,296.0,1523.0,1132.0,3850.0
1371.0,2362.0,15274.0,123673.0,9.0,85.0,360.0,1407.0,1367.0,3877.0
1566.0,2164.0,19626.0,126090.0,10.0,82.0,429.0,1389.0,1336.0,3828.0
1570.0,2190.0,12863.0,124416.0,9.0,81.0,434.0,1385.0,1545.0,3986.0
1573.0,2196.0,15227.0,119663.0,10.0,83.0,402.0,1539.0,1618.0,3855.0
1508.0,2216.0,20272.0,120096.0,11.0,80.0,503.0,1485.0,1546.0,4146.0
1719.0,2310.0,20143.0,128717.0,12.0,82.0,435.0,1481.0,1894.0,4220.0
1820.0,2244.0,21363.0,127636.0,13.0,81.0,477.0,1392.0,1854.0,4063.0
2029.0,2319.0,22881.0,125958.0,12.0,80.0,518.0,1501.0,2003.0,4257.0
1972.0,2417.0,28581.0,134842.0,11.0,80.0,518.0,1499.0,2419.0,3902.0
2105.0,2234.0,28592.0,133120.0,13.0,86.0,484.0,1422.0,2384.0,3852.0
2392.0,2265.0,33219.0,125338.0,11.0,83.0,585.0,1458.0,2525.0,4278.0
1962.0,2231.0,34371.0,126921.0,14.0,83.0,654.0,1506.0,2501.0,4103.0
2514.0,2312.0,40271.0,122070.0,14.0,83.0,654.0,1437.0,2356.0,4159.0
2953.0,2172.0,37092.0,117008.0,15.0,83.0,800.0,1506.0,3250.0,3926.0
2880.0,2116.0,38683.0,121984.0,13.0,82.0,701.0,1555.0,2346.0,4010.0
2459.0,2467.0,44108.0,122972.0,14.0,79.0,822.0,1440.0,3087.0,3959.0
3115.0,2221.0,47319.0,128594.0,15.0,86.0,833.0,1498.0,3654.0,3986.0
2755.0,2257.0,53111.0,124726.0,14.0,82.0,802.0,1471.0,3528.0,4264.0
2866.0,2313.0,53687.0,134268.0,15.0,81.0,691.0,1528.0,3387.0,4032.0
3222.0,2144.0,44013.0,129439.0,16.0,82.0,904.0,1471.0,3533.0,3910.0
3249.0,2178.0,64595.0,133234.0,16.0,86.0,890.0,1352.0,3206.0,4144.0
3744.0,2268.0,52240.0,123373.0,17.0,82.0,930.0,1537.0,3920.0,4331.0
3422.0,2231.0,74920.0,122300.0,19.0,80.0,929.0,1546.0,4397.0,4152.0
3212.0,2348.0,85199.0,126309.0,22.0,76.0,1143.0,1536.0,4425.0,4015.0
4333.0,2247.0,85499.0,135422.0,20.0,78.0,1088.0,1523.0,5082.0,4185.0
4286.0,2204.0,89871.0,121666.0,24.0,82.0,1149.0,1503.0,4694.0,4132.0
4250.0,2272.0,90564.0,126409.0,22.0,79.0,1150.0,1459.0,4993.0,4147.0
4542.0,2380.0,105800.0,126560.0,23.0,83.0,1322.0,1560.0,5160.0,4037.0
5235.0,2227.0,105059.0,127371.0,26.0,76.0,1357.0,1485.0,5485.0,4267.0
4238.0,2343.0,117441.0,131731.0,25.0,84.0,1060.0,1530.0,5303.0,3967.0
6255.0,2269.0,116690.0,126357.0,26.0,84.0,1390.0,1469.0,5907.0,4023.0
5514.0,2233.0,135868.0,126487.0,29.0,78.0,1607.0,1466.0,6540.0,4304.0
6549.0,2248.0,137024.0,126807.0,28.0,79.0,1364.0,1497.0,6528.0,4329.0
5834.0,2253.0,161843.0,132827.0,29.0,83.0,1795.0,1486.0,5733.0,3966.0
6311.0,2149.0,171609.0,131639.0,27.0,81.0,1626.0,1449.0,7215.0,4260.0
6882.0,2417.0,160593.0,135087.0,32.0,78.0,1880.0,1435.0,6355.0,4481.0
6700.0,2306.0,185824.0,127548.0,40.0,80.0,2020.0,1443.0,5572.0,4114.0
6934.0,2308.0,165547.0,131627.0,32.0,79.0,2161.0,1538.0,6116.0,4167.0
7167.0,2324.0,208368.0,132178.0,34.0,85.0,2053.0,1474.0,7801.0,4445.0
9618.0,2336.0,230076.0,127859.0,35.0,81.0,2506.0,1568.0,8439.0,4295.0
9261.0,2565.0,233371.0,122694.0,38.0,80.0,1952.0,1465.0,7281.0,4245.0
9482.0,2395.0,178101.0,121516.0,36.0,80.0,2058.0,1546.0,7036.0,4374.0
9137.0,2338.0,238961.0,133923.0,36.0,77.0,2329.0,1434.0,7045.0,4494.0
9250.0,2334.0,272780.0,136973.0,43.0,84.0,2125.0,1495.0,6448.0,4482.0
9489.0,2406.0,284218.0,125208.0,41.0,81.0,2651.0,1500.0,8115.0,4276.0
10144.0,2268.0,327051.0,131333.0,43.0,80.0,2605.0,1417.0,6686.0,4388.0
9499.0,2365.0,326365.0,124694.0,48.0,84.0,3148.0,1511.0,7872.0,4221.0
10608.0,2467.0,309680.0,127130.0,40.0,78.0,3016.0,1521.0,8051.0,4367.0
11391.0,2415.0,315455.0,126822.0,50.0,82.0,3194.0,1347.0,7240.0,4489.0
10510.0,2373.0,284434.0,122372.0,50.0,82.0,3450.0,1576.0,6790.0,4250.0
12308.0,2324.0,360642.0,129556.0,47.0,80.0,3633.0,1576.0,8811.0,4337.0
12405.0,2247.0,337084.0,134706.0,49.0,84.0,3342.0,1580.0,7996.0,4351.0
12879.0,2234.0,378516.0,131969.0,48.0,76.0,3353.0,1558.0,7950.0,4306.0
11749.0,2467.0,378468.0,124768.0,43.0,83.0,3314.0,1542.0,7626.0,4579.0
16988.0,2377.0,410324.0,131448.0,59.0,80.0,4010.0,1553.0,7871.0,4520.0
13430.0,2428.0,370050.0,131909.0,62.0,82.0,4303.0,1500.0,6774.0,4420.0
15681.0,2578.0,383565.0,127661.0,62.0,79.0,4235.0,1493.0,7024.0,4285.0
13105.0,2416.0,339822.0,127858.0,60.0,82.0,4322.0,1460.0,8074.0,4727.0
18136.0,2291.0,442348.0,134148.0,61.0,85.0,3722.0,1546.0,6943.0,4771.0
17924.0,2603.0,404309.0,134737.0,60.0,79.0,4559.0,1505.0,7110.0,5141.0
20112.0,2589.0,438128.0,135277.0,69.0,86.0,4060.0,1465.0,6592.0,4681.0
18643.0,2410.0,434927.0,128359.0,79.0,84.0,4873.0,1571.0,7759.0,5109.0
17872.0,2448.0,514227.0,139132.0,78.0,84.0,4925.0,1495.0,6768.0,4596.0
21863.0,2343.0,466126.0,137522.0,85.0,85.0,4765.0,1533.0,6239.0,4660.0
21529.0,2611.0,435569.0,136912.0,80.0,87.0,4973.0,1488.0,6884.0,4948.0
18819.0,2433.0,452142.0,131014.0,68.0,83.0,5197.0,1476.0,6248.0,4793.0
25426.0,2489.0,492163.0,128807.0,98.0,79.0,5485.0,1553.0,6373.0,4731.0
19629.0,2542.0,472462.0,133972.0,81.0,81.0,5382.0,1561.0,6570.0,4681.0
23515.0,2544.0,530033.0,125101.0,98.0,77.0,6248.0,1445.0,5861.0,5087.0
17310.0,2569.0,415731.0,126594.0,94.0,79.0,5176.0,1503.0,5436.0,4915.0
